page_article	position	discussion_page	position	user_page	position	wikipedia_page	position
821	20.49590815	Discussion:Liste des ponts du canton de Genève	75.45026607	Benutzer:Draemmli/Explosionskatastrophe von Mitholz	16.62180269	Wikipédia:Évfordulók/január	81.1656087
850	20.49234136	Diskussion:Walter Mittelholzer	72.08490566	Benutzer:Draemmli/Felslabor Grimsel	1.109595271	Wikipédia:Évfordulók/május	62.49040684
1004	14.32136173	Talk:Naaba Koom II	71.98797723	Benutzer:ETH-Bibliothek	51.83332169	Wikipédia:Évfordulók/október	52.0913525
1010	15.62245728	Talk:Valentine Browne, 6th Earl of Kenmare	80.14622006	Benutzer:GerhardSchuhmacher/Kbg(2)	6.287803914	Wikipedia:Graphics Lab/Photography workshop/Archive/Apr 2017	11.47933526
1052	14.69715817			Benutzer:GerhardSchuhmacher/Kburg	28.49111421	Wikipedia:Graphics Lab/Photography workshop/Archive/May 2017	91.81231514
1070	16.91071232			Benutzer:GerhardSchuhmacher/Region	32.98279159	Wikipedia:Kurier/Ausgabe 5 2016	10.98213778
1085	16.22215249			Benutzer:Magnus Manske/Halensis	58.67531015	Wikipedia:Kurier/Ausgabe 5 2018	70.46462909
1144	14.49029584			Sablon:Évfordulók/’2 és ’7/10-17	54.96529968	Wikipedia:Laporan basis data/Anggota Akademi Kesenian dan Ilmu Pengetahuan Belanda	78.78050972
1153	14.83593613			Sablon:Évfordulók/’3 és ’8/01-25	65.01708818	Wikipédia:Le Bistro/1 juin 2016	33.50719819
1154	14.10103603			Sablon:Évfordulók/’3 és ’8/05-13	66.03288798	Wikipédia:RAW/2018-06-01	2.127662594
1155	14.85846778			Sablon:Évfordulók/’3 és ’8/05-25	77.65847919	Wikipedia:Veckans tävling/Pyeongchang! II – Nordafrika	32.70570732
1178	13.7542479			User:Magnus Manske/Swiss Women in Red	92.38699739	Wikipedia:Wikipedia Signpost/2016-09-06/Blog	44.89082417
1179	15.43282769			User:Stinglehammer/Mactutor	47.84751023	Wikipedia:Wikipedia Signpost/Newsroom/Suggestions/Archive 26	68.4661753
1201	13.82099209			Usuari:Enaeinfo/proves	15.80411282	Wikipedia:Wikipedia Signpost/Single/2016-09-06	97.62033513
1323	14.1464312			Usuario:Gerwoman/DAH	47.69608693	Wikipedia:WikiProject Women in Red/Missing articles by identifier/ISNI	12.39166831
1354	15.72386439			Usuario:Gerwoman/Taller10	78.86897419	Wikipedia:WikiProject Women in Red/Missing articles by identifier/VIAF	15.84940868
1700	55.82950057			Usuario:Gerwoman/Taller16	63.82345914	Wikipedia:WikiProject Women in Red/Missing articles by nationality/Switzerland	38.16829463
1934 Swissair Tuttlingen accident	2.341687227			Usuario:Gerwoman/Taller5	55.55469839	Wikipedia:WikiProject Women/Women in Green/Most prominent women	34.67303588
1954 FIFA World Cup	13.95012804			Usuario:Gerwoman/Taller7	66.3746426		
1954 FIFA World Cup Final	0.345653858			Usuario:Gerwoman/Taller8	92.67895446		
1954ko Munduko Futbol Txapelketa	12.56605932			Utilisateur:Klipe	61.14801693		
1960–61 European Cup	0.520386077			Utilisateur:Kondah/Brouillon	0.790665051		
Aadorf	2.98276196			Utilisateur:OPAN/Brouillon	2.22038931		
Aarberg	61.90059908			Utilisateur:Peb45/Einigen	39.55917056		
Abdul Qadir Gilani	23.46921617			الإسلام في العراق	45.10346972		
Abtwil SG	35.38653482			الحضرة القادرية	3.283312648		
Ad Deir	48.53961752			باب الشيخ	11.52284702		
Addis Ababa	8.737235575			تاريخ بغداد	17.25357721		
Adis Abeba	22.06672578			رودولف فولف	7.48721931		
Adliswil	36.7532539			طرفاية	27.47381968		
Aerodromo Ascona	59.96319512			فرانز تانك	8.661345496		
Aeródromo de Tablada	19.94198217			فولفيرست	0.506030455		
Aéroport de Lausanne-Blécherette	43.88336309			قائمة المعالم المصنفة في العراق	41.53615985		
Aeschi bei Spiez	76.94402667			كارل جوزيف شروتر	4.496563064		
Aettenschwil	1.30620985			مستخدم:ElWaliElAlaoui/ملعب 13	44.88208561		
Aeugst am Albis	4.908210097			مستخدم:ElWaliElAlaoui/ملعب 16	44.28183001		
Affoltern am Albis	38.13637957			مستخدم:ElWaliElAlaoui/ملعب 19	71.84571804		
Agarn	28.50419991			مستخدم:ElWaliElAlaoui/ملعب 6	70.36558103		
Agnes Conway	45.63327277			مقبرة الغزالي	2.134668314		
Águilas	16.63059982			موريس لوجيون	2.740553395		
Airolo	51.28027092						
Akropolis (Athen)	50.48838514						
Al-Khazneh	35.23570678						
Albert Einstein	10.24428424						
Albert Frey-Wyssling	6.802049213						
Albert Heim	48.95815876						
Albert Lück	41.26625409						
Albert Mousson	0.939473279						
Albert-Heim-Hütte	69.73400053						
Albin Herzog	4.357084298						
Alcoi	27.76837624						
Alcoy	34.90662792						
Aleppo	40.54056059						
Alexandria	48.49292358						
Alfred Ernst	2.62295082						
Alfred Ernst (Botaniker)	1.76478423						
Alfred Escher	1.532256546						
Alfred Kleiner	9.483912271						
Alfred Wolfer	3.655978424						
Alfredus Escher	13.94220401						
Alhambra	25.72692453						
Alicante	24.29422041						
Allalingletscher	61.65663749						
Alpe d'Huez	19.7419116						
Alpnach	44.14358446						
Altbach (Glatt)	20.02233773						
Alteingrat	74.56601789						
Altikon	68.15252209						
Altreu	80.65301605						
Altstätten	26.54415518						
Alusuisse	26.98336787						
Amalienbad	12.09979888						
Amden	55.71602391						
Amlikon-Bissegg	4.315931717						
Andelfingen ZH	48.52543446						
Andorra (Drama)	52.90021301						
Andwil (Birwinken)	4.280461247						
Antoine-Elisée Cherbuliez	14.70000154						
Apirilaren 4	24.33804005						
Appenzell (Ort)	28.67631668						
Apples	5.343303538						
Arbaz	8.110347685						
Ardon (Svizzera)	4.112875972						
Armin Baltzer	1.802394422						
Arnold Bürkli	1.795091131						
Arnold Escher von der Linth	1.184583492						
Arnold Heim	1.584063363						
Arosio TI	67.76550752						
Arth SZ	58.2837033						
Arthropitys	65.38695917						
Arthur Neumann	16.82647934						
Arzier-Le Muids	3.783893749						
Atlas (massif)	62.54692956						
Au (Svizzera)	10.9721407						
Au SG	54.57273936						
Auguste Forel	1.520390281						
Aus dem Berliner Journal	11.19394337						
Axalphorn	8.534559857						
Bachtel	32.68579982						
Bad Ragaz	61.37447512						
Bahnhof Bern	21.17764227						
Bahnhof Turgi	40.91114701						
Bahnstrecke Chur–Rorschach	66.99890692						
Baieri Teaduste Akadeemia	35.64337162						
Baldegger Schwestern	22.18872138						
Balgach	38.25553998						
Bamberger-Umlagerung	2.636992706						
Banca nazionale d'Etiopia	18.95730548						
Banco Nacional de Etiopía	23.0288036						
Bancu Nacional d'Etiopía	23.00588073						
Bärau	48.31800788						
Barcelone	13.54109735						
Bäretswil	61.76019738						
Bargen SH	38.47497746						
Bartel Landert Van-der-Varden	9.49955713						
Bartel Leendert van der Waerden	2.090783231						
Basel-St. Johann	52.23250807						
Bassersdorf	61.30528187						
Bauma	37.55299539						
Beatenberg	77.72607388						
Béchar	46.65900992						
Bellechasse FR	12.6417704						
Belmont-sur-Yverdon	3.826252723						
Belp	69.16225275						
Béni Abbès	31.55302607						
Benjamin Recordon	4.128795806						
Benken SG	48.6066405						
Benken ZH	54.26744666						
Berg (San Gallo)	11.04841884						
Berg Tabor	57.6779647						
Bergsturz von Bondo	14.11461162						
Bern-Bethlehem	23.17606444						
Berneck SG	31.1662319						
Beromünster	44.81746508						
Berzona (Valle Onsernone)	58.7404292						
Beznau	52.20673635						
Biasca	64.23448666						
Biedermann und die Brandstifter	43.0893598						
Bière	80.07542245						
Biglen	73.43254093						
Bilten	51.69817971						
Bin oder Die Reise nach Peking	44.36531693						
Biografie: Ein Spiel	35.46657188						
Birsfelden	70.59394617						
Bisinasjøen	4.435629282						
Bissone	56.79287636						
Bitsch VS	47.65805121						
Blaubart (Erzählung)	39.07107105						
Blaue Grotte (Capri)	18.65434594						
Bodio TI	50.90973491						
Boécourt	44.78189827						
Bôle	12.44152431						
Bonaduz	31.52766813						
Bondasca	43.76115445						
Bondo (Grisons)	63.72093023						
Bonstetten ZH	53.13748875						
Bonvillars	4.016461345						
Bosco Luganese	33.89943741						
Braunwald GL	18.92584694						
Bremgarten AG	42.79250842						
Brienz BE	77.89688544						
Broye (Fluss)	50.85339168						
Brug 332	32.65547411						
Bruger:Steenth/Autoliste/gravsted.dk	71.29243804						
Bruggen (St. Gallen)	37.13264895						
Brunnen SZ	40.34733996						
Bubikon	42.25686667						
Buch (Birwinken)	2.985720467						
Buchs SG	34.93455622						
Buchs ZH	58.97308717						
Bühler AG	10.4110029						
Bühler AR	48.04804805						
Bülach	41.74497925						
Bulle FR	76.55530474						
Bundesplatz (Bern)	43.8489574						
Burg Alt-Toggenburg	49.67078027						
Burg Helfenberg (St. Gallen)	52.1860939						
Burgdorf BE	36.20079074						
Bursinel	3.985473794						
Buschehr	27.11507354						
Bushehr	26.33661767						
Bütschwil	57.14884746						
Cadempino	3.115971443						
Camignolo	3.860604088						
Campionato mondiale di calcio 1954	19.28154461						
Carl Gustav Jung	51.97471217						
Carl Joseph Schröter	2.154537232						
Carl Schroeter	3.846153846						
Carl Schroeter (Botaniker)	1.171537798						
Carl Schröter	12.25236472						
Carlton Hotel St. Moritz	2.888888889						
Caroline Herschel	24.07205434						
Casablanca	25.82122469						
Časovni pregled življenja Alberta Einsteina	16.82405652						
Cathedral of St. Vincent de Paul	38.96798222						
Cattedrale di San Vincenzo de' Paoli	44.71796938						
Caux (Montreux)	55.47797226						
Cavigliano	27.44691206						
Cementerio de San Isidro	13.49557054						
Cementerio de San Justo	9.187127737						
Cemitério de San Isidro	8.637830859						
Centrale électrique d'Augst-Wyhlen	46.14263467						
Centrale hydroélectrique de Birsfelden	46.07189025						
Centralna Szkoła Podoficerów Pilotów Lotnictwa	41.53331036						
Chamoson	4.618272841						
Champagne (Svizzera)	4.073207289						
Charles P. Steinmetz	1.012814463						
Charles Proteus Steinmetz	4.11507312						
Charly Clerc	1.995381805						
Château de Colombier	58.88505468						
Château de Pregny	33.54005669						
Chavannes-près-Renens	35.31697507						
Chermignon	4.170541034						
Ciudad Real	31.76038011						
Compagnie générale aéropostale	14.07660298						
Comte AC-12 Moskito	2.061835675						
Comunanza	41.9605968						
Conradin Zschokke	1.560211783						
Corbeyrier	4.779016658						
Corcelles-près-Payerne	4.57571197						
Coria del Río	37.80960641						
Cornaux	24.79781421						
Crans-près-Céligny	3.843305078						
Csád-tó	35.52743491						
Cuarnens	3.527168732						
Dagmersellen	41.75760474						
Dällikon	70.30581978						
Daniel Bernoulli	2.416370435						
Debra Libanos	24.8290453						
Debre Libanos	9.644205468						
Degersheim SG	57.03763823						
Der Mensch erscheint im Holozän	35.90034408						
Deutsches Haus (Agra)	1.583793738						
Die große Wut des Philipp Hotz	34.70498307						
Die Schwierigen oder J’adore ce qui me brûle	32.27765873						
Dielsdorf ZH	55.71376874						
Diepoldsau	43.66308562						
Diessenhofen	41.76198128						
Dietfurt SG	41.91121941						
Dietikon	53.37850152						
Diga di Palagnedra	6.266730226						
Dire Dawa	16.24570273						
Disentis/Mustér	70.25642524						
Domhütte	31.27464578						
Dommartin (Montilliez)	4.509542191						
Dornier Do K	38.36163701						
Dozwil	4.493215424						
Dübendorf	26.07624954						
Durnagel	5.929902505						
Dürnten	25.43856024						
Ebnat-Kappel	56.95144734						
Eduard Amstutz	2.924850555						
Eduard August Rübel	4.906811102						
Effretikon	4.258984058						
Eglisau	53.91498559						
Eidgenössische Materialprüfungs- und Forschungsanstalt	48.8040906						
Einigen	34.32788142						
Eischoll	50.12225611						
Eisenbahnerstadt	69.25880409						
Eisernes Tor	23.00667888						
Eisriesenwelt	50.86801519						
Eisten VS	61.43488268						
Ellikon an der Thur	62.25393188						
Elm GL	12.38746943						
Embrach	55.07017182						
Emil Berna	10.18525041						
Emil Bosshard	3.397190294						
Emil Honegger	2.859886885						
Emil Klöti	3.388967355						
Emil Mörsch	1.490163518						
Emil Rothpletz	2.502449016						
Emil Stodola	4.188214418						
Engelberg	44.1102462						
Engelburg	71.52777778						
Engi GL	30.29354101						
Ennenda	51.29948365						
Entlebuch LU	47.30405853						
Erlenbach ZH	39.21036943						
Ernst Laur	0.80751635						
Erschwil	49.43073333						
Erstfeld	48.49706836						
Eschenbach SG	38.11734365						
Eschikofen	5.545794821						
Ethiopian Empire	24.85978049						
Etiopia	18.22491758						
Eugen Bamberger	5.894786849						
Eugen Bamberger (Chemiker)	1.373666521						
Eugène Rambert	5.209075142						
Eugène Renevier	5.193188146						
Ez-Zitouna-Moschee	31.10405571						
Faido	45.69601798						
Familienheim-Genossenschaft Zürich	12.35898048						
Feegletscher	50.02892801						
Fehraltorf	50.56007288						
Ferdinand Rudio	2.942602703						
Fès	26.75466663						
Feuerthalen	67.05796294						
FIFA World Cup stadiums	12.28537076						
Fisikaren historia	37.19829452						
Fislisbach	62.21602291						
Flawil	52.84631591						
Flüelen	49.89552178						
Flums	50.4269607						
Fokker F.VII	54.04720082						
Forces aériennes suisses	25.21829565						
Forch	45.97055236						
Forschungsreaktor Diorit	2.692162536						
François-Alphonse Forel	3.761673653						
Franz Prášil	2.029090909						
Franz Tank	2.800624675						
Frederick Pearson Treadwell	2.391744165						
Freibad Letzigraben	30.12275223						
Freienbach	75.44675846						
Freienstein-Teufen	70.4467876						
Freudenberg (St. Gallen)	2.190549744						
Fribourgeoise	47.81382228						
Friedrich Prym	12.97325941						
Friedrich Theodor Vischer	1.649940466						
Fritz Medicus	2.626219316						
Fritz Medicus (Philosoph)	2.521327014						
Fulenbach	53.45749021						
Fulfirst	8.779814418						
Fuorcla Tschüffer	40.27772832						
Gäbris	62.46380214						
Gachnang	5.239822652						
Gais AR	34.55502709						
Gampel	59.76689043						
Gamsen VS	37.36710597						
Ganterschwil	40.38608077						
Gasterntal	27.29892681						
Gatscholalücke	4.657808258						
Gebrüder Näf	20.14882016						
Gebruiker:Jane023/Architecten m-v	92.68140182						
Geisspfad	12.96383913						
Gempen	10.4507828						
Gempenturm	55.77448071						
General Aviation GA-43	51.86051346						
Genzano di Roma	20.34603004						
Georg Lunge	3.194586559						
Georges Pelletier-Doisy	43.7403426						
Geschichte der Küssaburg	6.987684003						
Gessner Holding	23.59639962						
Ghiacciaio dell'Adamello	52.15744981						
Gibswil	43.94323365						
Gilberte de Courgenay	8.261926078						
Giswil	28.99897318						
Giuseppe Zoppi	3.654030382						
Glattfelden	27.3205179						
Globuskrawall	1.961869095						
Gmündertobelbrücke	19.52722243						
Gnosca	29.2047642						
Goldach SG	54.76525466						
Goldau	41.77959115						
Gommiswald	43.50989283						
Gonten	54.93413268						
Gorduno	31.45877508						
Gossau SG	47.4124849						
Gossau ZH	66.26243781						
Gottfried Kinkel	2.021197173						
Gottfried Kinkel (Schriftsteller)	0.787401575						
Gottfried Ludwig Theobald	3.202882754						
Gottfried Semper	2.427116361						
Gottfried Theobald	9.691455696						
Grabs	31.43949785						
Graitery	80.67827172						
Graltshausen	2.69921875						
Grandcour	3.624899308						
Granges VS	50.67302119						
Green Harbour	11.01887502						
Greifensee (Gewässer)	48.14100004						
Greifensee ZH	39.57945966						
Grenade (Espagne)	32.81433581						
Grimisuat	3.976426183						
Gross Fulfirst	4.099789464						
Grossbrand von Schweizerhalle	41.01050241						
Große Sphinx von Gizeh	13.75405698						
Grub AR	59.88165336						
Grüningen ZH	61.02500039						
Guntershausen bei Aadorf	4.337420497						
Gurten (Berg)	57.50421585						
Gustav Adolf Kenngott	3.506140023						
Gustav Adolph Kenngott	3.033081829						
Gustav Zeuner	8.908007349						
Güterbahnhof Basel Bad Bf	1.267185283						
Güterbahnhof Wolf	1.520059806						
H.モーザー	40.26921407						
Häfeli DH-3	2.859385153						
Haggenbrücke	24.94044676						
Haile Selassie	30.29985068						
Hailé Selassié	7.459557518						
Hämelbach	3.583678902						
Hammerfest	24.21399743						
Hanro-Sammlung	15.91408683						
Hans Bluntschli	2.357745919						
Hans Conrad Schellenberg	3.115081437						
Hans Heinrich Denzler	1.184648924						
Hans Schinz	1.754385965						
Hausen am Albis	40.35480998						
Hauterive (Neuchâtel)	8.311019218						
Heiden AR	39.20821791						
Heimsmeistaramót landsliða í knattspyrnu karla 1954	26.15886604						
Heinrich Friedrich Weber	9.355086546						
Heinrich Martin Weber	8.25247377						
Heinrich Weber	3.951596213						
Heinrich Weber (mathématicien)	12.79216235						
Heinrich Weber (Mathematiker)	1.28152506						
Heldswil	2.899319007						
Helgoland	48.15067055						
Henggart	32.74852461						
Henrix Veber	5.779852709						
Herdern	3.958306689						
Herisau	43.06965394						
Hermann Dietler	2.251109702						
Hermann Schwarz	3.309981361						
Herrenhof (Langrickenbach)	1.949687972						
Herrliberg	44.08455219						
Herznach	38.84894987						
Hettlingen ZH	46.67796072						
Hinwil	48.43057378						
Histoire de Cadix	62.53445738						
History of London (1900–39)	29.05902627						
Hittnau	74.01307518						
Hochdorf LU	52.96160706						
Höhronen (Berg)	6.536053979						
Holzbrücke Fulenbach–Murgenthal	12.89826161						
Hombrechtikon	42.98560833						
Homo faber (Roman)	63.36604041						
Horgen	36.46637191						
Hundwil	42.56668275						
Hundwiler Höhi	70.82018927						
Hurden	53.92552714						
Ibn-Tulun-Moschee	21.77226607						
Ignoranz als Staatsschutz?	10.6146978						
Illighausen	4.83778297						
Illnau-Effretikon	37.73676994						
Institut Montana Zugerberg	30.5388289						
Isenhammer	32.12740857						
Islikon	1.997050265						
Jakobsbad	14.11314278						
Jean Rudolf von Salis	1.170411985						
Jean-Rodolphe de Salis	2.685822845						
Joachim von Ribbentrop	1.723152307						
Johann Gaspar Scheuchzer	31.67607274						
Johann Jakob Früh	2.83600889						
Johann Jakob Müller	6.548066483						
Johann Jakob Rebstein	9.000453964						
Johann Jakob Treichler	2.014799619						
Johann Konrad Kern	1.151631478						
Johann Rudolf Wolf	23.15829528						
Johannes Gaspar Scheuchzer	19.28308942						
Johannes Scheuchzer	2.802576958						
Johannes Wild (Kartograf)	1.590005679						
Jugendunruhen in der Schweiz	0.664741459						
Jules Marcou	1.65203133						
Junkers F 13	5.896299688						
Junkers-Spitzbergen-Expedition	29.96418299						
Kaiserreich Abessinien	55.71298188						
Kaltenbach (Wagenhausen)	2.937366816						
Kanderkorrektion	17.28050123						
Käpfnach	44.74897541						
Karl Kappeler	2.342342342						
Karl Kobelt	3.947117524						
Karl Moser	5.073718194						
Karl Moser (Architekt)	0.959223868						
Karl Sachs (Elektroingenieur)	2.155914419						
Karlsruhe	48.8962715						
Kaserne Basel	19.23185223						
Kathedrale Hl. Vinzenz von Paul	11.45857643						
Kefikon	1.745705425						
Kerenzerbergtunnel	64.27693787						
Kernkraftwerk Beznau	17.96013905						
Kernkraftwerk Mühleberg	24.58602837						
Kettenbrücke (Aarau)	1.336845244						
Khazne al-Firaun	34.93898108						
Kibo (Berg)	47.82558004						
Kilimanjaro	54.69745856						
Kleinandelfingen	4.609448012						
Klöntalersee	60.51407343						
Kloster Bellelay	2.505126148						
Kloster Magdenau	22.00889391						
Kloten	45.33297641						
Knonau	3.65611182						
Kongreß deutscher Volkswirte	17.59925898						
Koolhoven F.K.50	30.70365554						
Koutoubia Mosque	16.48018549						
Koutoubia-Moschee	19.94896564						
Kradolf	4.504504505						
Kradolf-Schönenberg	3.384954092						
Kraftwerk Birsfelden	55.06719942						
Kraftwerk Bremgarten-Bruggmühle	37.93707936						
Kraftwerk Gebenstorf	39.59247513						
Kraftwerk Perlen	23.63766228						
Kraftwerk Rathausen	2.818311874						
Kraftwerk Windisch	47.32386915						
Kraftwerke Linth-Limmern	28.03550867						
Kurt Gloor	3.493081898						
Kurt Wegener	15.69666183						
Küsnacht	32.23151387						
Küssaburg	15.20092069						
Küßnach	25.86761117						
Küssnacht SZ	40.18625835						
L'Isle	5.515617881						
La Chaux-de-Fonds	60.33704241						
La Monumental	15.03433861						
Lac d'Émosson	34.22759804						
Lac d’Emosson	33.86306093						
Lac de Montsalvens	65.6741709						
Lägern	18.06889085						
Lago di Nemi	56.19502717						
Landhof	26.80911216						
Landqart	19.11276668						
Langenthal	72.93408979						
Langnau am Albis	65.99652271						
Lanzenneunforn	1.884552604						
Latécoère 26	4.022712632						
Laufen-Uhwiesen	3.661035724						
Laufwasserkraftwerke an der Glatt	51.81498097						
Laufwasserkraftwerke an der Sihl	87.49594776						
Laufwasserkraftwerke an der Töss	43.49268645						
Lavoslav Ružička	35.69886777						
Lawine	45.74328348						
Lawinenwinter 1951	25.23772146						
Le Locle	58.38011106						
Le Mont-sur-Lausanne	4.524959227						
Le terrible hiver	5.467111124						
Lej da Pischa	39.99679384						
Lenzer Horn	44.97012465						
Lenzerheide/Lai	62.75979342						
Leo Wehrli	42.00576944						
Lester Allan Pelton	4.889674428						
Leysin	33.28867339						
Leytron	3.753139786						
Lichtensteig	89.85673352						
Lienz SG	46.49684302						
Liesberg	38.71051179						
Limmattal	22.18166201						
Linthal GL	34.22723348						
Lippenstift	7.750362845						
List of German chemists	88.9646269						
List of International Congresses of Mathematicians Plenary and Invited Speakers	20.52179664						
List of transistorized computers	39.93739308						
Lista de palestrantes do Congresso Internacional de Matemáticos	19.00758569						
Liste der Kulturgüter in Davos	3.569110967						
Liste der Kulturgüter in Dorf	7.692153321						
Liste der Kulturgüter in Egnach	38.84304168						
Liste der Kulturgüter in Horn TG	10.92591399						
Liste der Kulturgüter in Rorschacherberg	20.43129578						
Liste der Kulturgüter in Unterägeri	68.97688416						
Liste der Mitglieder der Deutschen Akademie der Naturforscher Leopoldina/1708	8.873026984						
Liste der Mitglieder der Deutschen Akademie der Naturforscher Leopoldina/1889	2.82154952						
Liste der Naturdenkmale in Albbruck	28.67818001						
Liste der Naturdenkmale in Küssaberg	20.56937369						
Liste der Rheinbrücken	9.893046815						
Littau	27.15567282						
Littenheid	3.020177913						
Lötschbergtunnel	60.20554369						
Lufingen	3.819052558						
Lukmanierpass	51.78202772						
Lungern	43.96864173						
Lussy-sur-Morges	4.366263985						
Lustdorf	2.671440375						
Lütisburg	9.615538646						
Lutzenberg AR	62.6403936						
Luzern	28.93158361						
Maggia (Fluss)	49.53219339						
Maiduguri	33.6900622						
Makss Frišs	4.277159966						
Mammern	3.928786773						
Männedorf	30.71614765						
Männliflue	9.293298322						
Mariahilf-Kapelle (Balzers)	37.1275783						
Mariengrab	32.08003518						
Marthalen	53.28178046						
Märwil	1.82056034						
Mase	4.860703812						
Matt GL	55.87850565						
Matterhorn	71.08477234						
Mattmarksee	37.17145803						
Matzingen	3.935772063						
Maur	47.36594252						
Maurice Lugeon	2.566659311						
Max Cosyns	14.02609348						
Max Frisch	14.55645559						
Maximilianus Frisch	11.67182332						
Meilen	67.30137318						
Melchtal	7.499844013						
Melide TI	68.96146766						
Mellingen AG	37.9809306						
Memphis (Ägypten)	86.107905						
Menelik I	2.143069048						
Menelik Palace	30.37400145						
Menzingen ZG	48.4763039						
Merenschwand	27.44483218						
Meringa (Gran Zebrù)	46.47402462						
Metro v Madridu	15.39899444						
Mettendorf (Hüttlingen)	2.694389285						
Mettlen	4.700144108						
Mettmenstetten	31.3911073						
Mex (Saint-Maurice)	4.395853825						
Mex VS	49.13069847						
Militärflugplatz Dübendorf	15.35562981						
Miss Europe 1936	0.499263382						
Mont Soleil	63.01470015						
Montauk (Erzählung)	27.87788795						
Monte Generoso	56.40566649						
Monte Verità	25.09518344						
Montmollin	11.50624467						
Mosen (Hitzkirch)	13.95187906						
Mosen (lungsod)	8.245811147						
Moserdamm	1.207604132						
Mount Kilimanjaro	17.43533112						
Münchringen	14.89702637						
Muotathal	75.71920296						
Muri AG	36.90964304						
Mustermesse Basel	47.47698403						
Naaba Koom II	37.1372549						
Näfels	27.0830408						
National Bank of Ethiopia	24.0512431						
Nationalbank Äthiopiens	14.0524968						
Nederlandsche Spitsbergen Compagnie	25.36173633						
Nelly Diener	60.18295267						
Neschwil	29.44958666						
Netstal	26.16940582						
Newtontoppen	55.60400517						
Niederhasli	3.698607055						
Niederurnen	65.15014375						
Noville	4.474495696						
Nürensdorf	3.608929426						
Nussbaumen	2.054124552						
Oberaach	1.971488041						
Oberägeri	54.96445498						
Oberegg AI	53.69796641						
Oberembrach	3.952886038						
Oberengstringen	46.20971591						
Oberrieden ZH	75.21694177						
Oberurnen	28.66384832						
Obfelden	3.766206419						
Oetwil am See	34.17870801						
Oetwil an der Limmat	57.2634418						
Olivone	22.05143422						
Olten	27.88823991						
Onsernonetal	42.08861678						
Opernhaus Çatışması	1.358120895						
Opfikon	80.17299089						
Oran	39.00297918						
Oschwand	29.69249693						
Oskar Howald	3.187011425						
Oswald Heer	3.950883789						
Otelfingen	47.3019827						
Otto Roth (Bakteriologe)	2.267126663						
Otto Rudolf Salvisberg	1.789387498						
Otto-Wagner-Spital	39.74201306						
Palagnedra	51.88231237						
Palazzo di Menelik II	35.46144121						
Panix Pass	59.89190548						
Pantenbrücke	26.32695104						
Paul Challemel-Lacour	1.460800415						
Paul Nizon	1.9168222						
Paul-Armand Challemel-Lacour	7.852461041						
Pax-Gebäude	20.3336957						
Perroy (Svizzera)	3.758401132						
Pfäffikon ZH	35.38190223						
Pfarrkirche St. Laurentius (Schaan)	30.0456854						
Pfarrkirche St. Nikolaus (Balzers)	31.19076663						
Pianezzo	31.8791161						
Pierre Weiss	5.855725441						
Pierre Weiss (physicien)	0.320217922						
Pierre-Ernest Weiss	5.57698306						
Piz Lagrev	75.49059334						
Piz Languard	81.67736729						
Piz Mez	61.82696321						
Piz Platta	63.27911516						
Pizzo Barone	6.918838737						
Pizzo dell’Uomo	19.29401447						
Pizzo delle Tre Mogge	6.032935922						
Plaza de España (Sevilha)	25.53628178						
Plaza de España (Sevilla)	43.74643434						
Plaza de España, Seville	13.62269383						
Plaza de toros Monumental de Barcelona	47.45601052						
Pompejus Bolley	5.778492322						
Portal:Body Modification/Mediendatei des Monats/Protokoll	17.98503514						
Portál:Chemie/Obrázek	22.8876536						
Portál:Letectví/Galerie/Archiv	7.368379941						
Portal:Luftfahrt/BildergalerieHistorie	5.803468934						
Portal:Trains/Did you know/August 2017	35.40865541						
Prangins	3.524097205						
Prilly	4.273081622						
Projet:Suisse/Carnotzet/Archive 10	89.62206511						
Pyramiden von Gizeh	58.3131612						
Raffinerie Collombey	41.54408777						
Rafz	64.20741285						
Randogne	4.738120014						
Rangierbahnhof Basel Bad Bf	37.30615562						
Razlitje kemikalij Sandoz	1.300778335						
Realp	68.95826136						
Regensdorf	33.19042316						
Rehetobel	59.50323269						
René Thury	6.884000643						
Reussdelta	24.23475536						
Rheinau ZH	46.36386338						
Rhonegletscher	46.06839369						
Richard Coray	1.673094037						
Richard Dedekind	19.09837596						
Richard La Nicca	1.731917381						
Richard Lorenz (Chemiker)	1.840490798						
Richard Lorenz (chemist)	2.555971942						
Richard Willstätter	0.955721338						
Richterswil	23.42397817						
Rickenbach ZH	57.15184021						
Ried-Mörel	50.31420193						
Rieden SG	38.35651166						
Riethüsli	47.33967957						
Rifferswil	3.890196577						
Rigi	16.53406598						
Riva San Vitale	16.1473325						
Robert Gnehm	3.913592369						
Robert Haab	0.405181003						
Robert Maillart	0.74410568						
Roggwil (Turgovia)	4.236545885						
Rolle (Vaud)	28.93141315						
Romanel-sur-Lausanne	4.250270335						
Rorschacherberg	11.43093178						
Rothenthurm SZ	54.51712576						
Rudolf Bernoulli	2.985902986						
Rudolf Johann Wolf	2.097968785						
Rudolf Wolf	5.554539509						
Rudolf Wolf (Astronom)	1.280967842						
Rümlang	59.75414993						
Rupperswil	38.17165669						
Rüschlikon	61.51695683						
Russikon	45.95735698						
Rüti ZH	56.67714635						
Saane	57.53489194						
Šablon:Lokacije stadiona FIFA SP 1954.	12.21265979						
Sachseln	45.40254059						
Sagrada Família	14.15270564						
Saint Isidore Cemetery	22.02524622						
Saint-Blaise (Svizzera)	10.2129528						
Saint-Imier	31.96587427						
Saint-Saphorin-sur-Morges	4.871803399						
Saint-Sulpice (Svizzera)	5.005394449						
Saland	52.75489567						
Salins VS	48.74042837						
Samuel Wanner	19.64949988						
San Lazzaro degli Armeni	12.38308734						
Sandoz	41.0807329						
Sandoz chemical spill	0.764951321						
Sandozolyckan	1.122859549						
Sankt Margarethen (Münchwilen)	1.807505925						
Saphir (Atomreaktor)	2.133240077						
Sarnen	37.26505767						
Sattel SZ	77.43173988						
Saunders-Roe	68.34266245						
Sauriermuseum Aathal	8.200697287						
Savigny (Svizzera)	4.070964676						
Schächental	25.7715916						
Schattdorf	40.19692707						
Scherzingen	2.853299637						
Schiffsschleuse	33.32377813						
Schindellegi	45.40578861						
Schlatt-Haslen	55.78641074						
Schlieren	33.52090247						
Schloss Uster	65.89011552						
Schloss Wartensee	1.660633224						
Schloss Werdenberg	29.28746513						
Schmerikon	51.81468744						
Schmidrüti	61.74082983						
Schönenberg an der Thur	1.902523231						
Schönenberg ZH	71.44803349						
Schönengrund	64.33976003						
Schwanden GL	32.27884989						
Schwarzenbach LU	53.20768585						
Schweiz ohne Armee? Ein Palaver	32.55802004						
Schweizer Zucker	65.39112051						
Schweizerische Ausstellung für Frauenarbeit	25.60616112						
Schweizerische Nationalbahn	8.136217673						
Schweizerische Nordostbahn	31.62406774						
Schweizerische Rheinhäfen	41.84388957						
Schwellbrunn	41.76024417						
Schwende AI	58.38833951						
Schwerzenbach	49.62384207						
SDS 9 Series	0.326136762						
SDS 930	0.806881835						
Seedamm von Rapperswil	68.96826917						
Seedorf BE	12.18497928						
Seegräben	64.54018502						
Seen (Winterthur)	16.22085045						
Seilbahn	73.58854753						
Sempach	39.29812699						
Services industriels de Genève	46.37291053						
Seuzach	56.76161553						
Sevelen	9.185555129						
Sevilla	79.36122831						
Séville	21.08085453						
Sihlbrugg	66.28528844						
Sihlsee	42.42545394						
Sisikon	37.51584838						
Sitterdorf	1.881228771						
Société Suisse des Explosifs	25.09055104						
Solvay Schweiz	24.71903431						
Speicher AR	45.33284654						
Spiez-Erlenbach-Bahn	23.04083406						
Spiez-Frutigen-Bahn	14.65802187						
Spital Männedorf	29.53249715						
Spreitenbach	35.69740567						
St. Albanbrücke	6.822144725						
St. Anton (Pass)	38.53700993						
St. Gallenkappel	35.89975931						
St. Jakob stadion	1.670871146						
St. Jakob Stadium	4.530119106						
St. Jakob-Park	22.24574374						
Stadion Wankdorf	3.334802998						
Stadtbild	27.14461412						
Stäfa	36.87791469						
Stans	42.27388073						
Stansstad	46.97362002						
Steckborn	45.27373333						
Stefano Franscini	0.991667459						
Stein AR	40.12934738						
Stoss AR	54.50013473						
Sugiez	28.58984274						
Sultan-Hasan-Moschee	17.87052811						
Surettahorn	73.79796534						
Svjetsko prvenstvo u nogometu 1954.	4.444040025						
Szkoła Podoficerów Lotnictwa dla Małoletnich	40.90909091						
Tagebuch 1966–1971	1.848391832						
Talsperre	77.00067939						
Tambosee	39.61554694						
Templo Expiatorio de la Sagrada Familia	11.72580383						
Templu Espiatoriu de la Sagrada Familia	14.17260154						
Teufen AR	32.41285195						
Thiers	23.61160338						
Thomas Würtenberger (Geologe)	2.221331195						
Timeline of Marrakesh	15.83650054						
Timeline of Tangier	11.79656532						
Toggenburg	38.15852702						
Torre Belvedere	55.2141001						
Trientgletscher	76.72364491						
Trogen AR	31.73080254						
Tschiervagletscher	70.49939935						
Tübach	11.74438687						
Tuggen	46.01786869						
Tujetsch	52.56709452						
Tunnel du Mont d’Or	52.78741428						
Txantiloi:Heriotza garrantzitsuenak/4/4/Mundua	59.32659933						
Über die von der molekularkinetischen Theorie der Wärme geforderte Bewegung von in ruhenden Flüssigkeiten suspendierten Teilchen	2.144731909						
Uerschhausen	2.95389049						
Uetikon am See	41.474482						
Ulrich Wille	34.80190064						
Umiken	50.11465499						
Universitätsspital Basel	41.90516333						
Unterengstringen	64.97943515						
Unterer Grindelwaldgletscher	42.61812699						
Urdorf	3.76965914						
Urnäsch	36.91521138						
Usego	1.187579091						
Uster	71.61487113						
Utente:Dans/Etiopia	26.05757754						
Utzenstorf	62.42707564						
Uznach	53.25126195						
Val Curtegns	2.106156457						
Val Plattas	39.86847766						
Val Schmorras	2.763983885						
Varámin	73.0644592						
Veebrug	2.306028125						
Vernamiège	24.33789144						
Vernier	40.67725565						
Viceroy of India	37.67183585						
Vico Morcote	2.332894159						
Victor Meyer	1.245476336						
Viktor Böhmert	0.96157184						
Viktor Meyer	1.129361198						
Villmergen	43.6155701						
Volcán Calbuco	43.61921603						
Volken	4.082038369						
Volketswil	46.88363719						
Vullierens	4.048341643						
Wädenswil	37.15855438						
Walchwil	40.02286914						
Wald AR	49.46130984						
Wald ZH	44.56468273						
Waldkirch (Svizzera)	10.36833717						
Waldstatt	73.27039017						
Wallisellen	39.42408902						
Walter Mittelholzer	6.121616754						
Walter Saxer	11.57032235						
Walther Bringolf	29.25259484						
Walzenhausen	53.03441922						
Wangen-Brüttisellen	73.11337951						
Weggis	41.29684016						
Weiach	3.479104785						
Weiningen ZH	49.53306694						
Weissbad	54.0876494						
Weissenburgbad	13.52414675						
Wellhausen	5.83069752						
Werdenberg (Ort)	45.65288446						
Wettswil am Albis	63.13667285						
Wetzikon	88.0905104						
White Cliffs of Dover	57.78522553						
Wigoltingen	3.589216111						
Wikipedysta:Paweł Ziemian/Architekt infobox/demo/1	78.65362974						
Wila	49.82622024						
Wildberg (Svizzera)	4.170969784						
Wilen bei Neunforn	2.766058916						
Wiler bei Utzenstorf	71.03980908						
Wilhelm Fiedler	2.853925119						
Wilhelm Ritter (Bauingenieur)	2.156862745						
Wilhelm von Gonzenbach	3.068450039						
Willerzell	65.48411599						
Willi Eugster	10.67509489						
William Otto Brunner	3.882909698						
Winningen	17.54264365						
Winter of Terror	3.702119861						
Wohlen AG	29.08059627						
Wolfhalden	58.04917204						
Wollerau	48.03243168						
Zollikerberg	27.91380285						
Zollikon	60.00013527						
Zug (Stadt)	37.12603664						
Zumikon	60.9318555						
Zuqualla	62.84614899						
Zürich – Transit	32.10954645						
Μαξ Φρις	1.593071742						
Ρούντολφ Βολφ	2.262159105						
Авиационные происшествия Аэрофлота 1932 года	0.634502331						
Бартель ван дер Варден	4.048124558						
Бемерт, Карл Виктор	5.53117207						
Биркигт, Марк	20.91324201						
Боллей, Помпей	5.266907537						
Ван дер Варден, Бартель Леендерт	2.095564038						
Ванкдорф	4.573782613						
Вебер, Генрих Мартин	4.410589176						
Вейс, Пьер Эрнест	2.635747323						
Вольф, Рудольф	3.103706477						
Ебенгольц	57.84112272						
Еміл Стодола	7.336299071						
Кеннготт, Густав Адольф	2.802642138						
Кинкель, Готфрид	4.680524219						
Макс Фриш	0.935570386						
Макс Фріш	34.25275373						
Микровълни	8.741013502						
Паул Ницон	1.387531757						
Пересвет (фрегат)	79.15585407						
Портал:Буркина-Фасо	69.09460834						
Портал:Буркина-Фасо/Викисклад	73.70586961						
Риббентроп, Иоахим фон	0.868492024						
Рюбель, Эдуард	6.211613624						
Сименсы	88.01602929						
Стодола, Эмил	6.66275889						
Уравнения на Максуел	35.48565687						
Франсуа-Альфонс Форель	2.1381319						
Фрей-Висслинг, Альберт	3.03784261						
Фриш, Макс	1.014284395						
Хеер, Освальд	2.26049016						
Чемпионат мира по футболу 1954	8.171701468						
Штейнмец, Чарлз Протеус	6.076799395						
Эшер, Альфред	2.901644529						
მაქს ფრიში	0.589038381						
ფრანსუა ალფონს ფორელი	2.030307094						
Իոահիմ ֆոն Ռիբենտրոպ	2.174733822						
Վիլհելմ Ֆիդլեր	4.815435161						
גמר מונדיאל 1954	0.439041971						
מקס פריש	0.92180463						
פורטל:צרפת/ערכים מבוקשים	86.00335023						
آباده	17.11535261						
اتیوپی ایمپراتورلوغو	27.83302012						
اصفهان	38.11952827						
البرز	14.99514228						
آلفرد کلاینر	6.868989634						
آلکوی	63.86943472						
آلیکانته	74.18815837						
اویقن بامبرقر	1.512834517						
بارتل لیندرت وان در واردن	7.103422893						
بازار تهران	17.39880345						
باغشاه (تهران)	7.973856209						
بحث ویکی‌پدیا:آیا می‌دانستید که...؟/۲۰۱۸/هفته ۱۶	92.12827988						
برازجان	10.28647506						
برج آرامگاه علاءالدین	50.35288305						
بندر انزلی	37.89558853						
بوشهر	58.05268029						
پارک شهر	9.226709837						
پل خواجو	48.15069702						
پوتسدام	28.93010324						
پی‌یر ویس	9.496226084						
تاریخ بغداد	58.41969512						
تاریخ تهران	75.3121297						
چاووشی	2.919871975						
چهل‌ستون	53.19094033						
حرم شاه عبدالعظیم	23.48550128						
حلب	28.29600845						
حوض سلطان	27.46121995						
دانیل برنولی	7.881633234						
دجله	38.05376941						
دروازه قزوین	1.507631801						
دروازه‌های تهران	17.05865669						
دژ ایزدخواست	39.44636376						
دماوند	15.19834351						
رشت	22.22686019						
رنه توری	6.693685449						
ریچارد ویلشتتر	1.451837566						
زاینده‌رود	39.77698444						
شیخ عبد القادر جيلانی	47.84210526						
فرات	41.3061011						
فهرست کوه‌های ایران	0.05994991						
فهرست گورستان‌های تهران	6.198573779						
فهرست نخستین آثار ملی ثبت‌شده در ایران	44.82605506						
قئورق لونقه	1.414380452						
قوتفرید زمپر	1.166113075						
قوستاو تسوینر	10.90686275						
كاس العالم 1954	1.615564269						
کاربر:Iranianson/صفحه تمرین۲	60.42413483						
کاروان	38.32161419						
کارولینه هرشل	8.677620035						
کاشان	22.76861177						
کوه‌های مرکزی ایران	0.41655248						
لاتکوئر ۲۶	4.731778041						
مسجد جامع قزوین	1.051880117						
منجیل	34.92285588						
مهیار (شهرضا)	13.25653226						
میدان امام علی	30.83641887						
میدان مشق	11.83360112						
میدان نقش جهان	7.373953868						
نو جلفا	18.48723135						
هرمان شوارتس	7.176485558						
والتر میتل‌هولتسر	30.88810578						
ورامین	18.56811027						
ویکتور مایر	7.659814137						
ویکی‌پدیا:آیا می‌دانستید که...؟/هفته‌های ۲۰۱۸ (میلادی)	48.48846259						
ویلهلم فیدلر	7.90151732						
یخچال (معماری)	20.47594413						
یونکرس	20.56265567						
یوهان یاکوب مولر	6.962332928						
बूशहर	24.30932171						
കാരൊളൈൻ ഹെർഷൽ	3.070790995						
ဒန်နီယယ် ဘာနော့လိ	0.768452496						
초안:함메르페스트	22.60903084						
カール・ヨーゼフ・シュレーター	2.861776209						
キリマンジャロ	30.18134572						
ピエール・ワイス	12.9466327						
モーリス・ルジオン	13.14832278						
ルドルフ・ウォルフ	4.454311086						
皮埃爾·外斯	6.164034641						
魯道夫·沃夫	20.89652283						